Restaurant Name,Review Content,Overall Rating,Date of Dining
Competitor Restaurant,"The food was excellent. The white lasagna was amazing and the sea bass,  We were cozy by the fire!",Overall 5,Dined 3 days ago
Competitor Restaurant,"The food was excellent. The white lasagna was amazing and the sea bass,  We were cozy by the fire!",Overall 5,Dined 3 days ago
Competitor Restaurant,"Excellence with regard to every aspect of- superb food, excellent service, warm and convivial atmosphere.  Best restaurant in Greater Boston.",Overall 5,Dined 3 days ago
Competitor Restaurant,"Pammys might have been the best dining experience I’ve ever had in the Boston area. Food was outstanding, went above and beyond and the service was amazing. Will definitely return!",Overall 5,Dined 6 days ago
Competitor Restaurant,This was the best meal I’ve eaten in Boston in years. I eat at Pammys a few times a year and this was just an exceptional meal even by their standards.,Overall 5,Dined 7 days ago
Competitor Restaurant,"Food exceptional, service fantastic!  Love coming here!!",Overall 5,Dined 7 days ago
Competitor Restaurant,"Cocktails, food, ambience and staff were all spot on. Delightful way to celebrate our anniversary.",Overall 5,Dined 7 days ago
Competitor Restaurant,"Food was absolutely delicious, cocktails hit the spot, every detail from presentation to flavor was divine! We were worried the prix fixed menu would mean small portions that weren’t worth the price but we ended up with leftovers to take home. Would recommend any day of the week",Overall 5,"Dined on December 4, 2024"
Competitor Restaurant,"Overall we had a great meal at Pammy’s. The food and service were great, and the ambiance and decor were lovely.

The value of the menu is lacking imo. $84 with no drinks including for 3 relatively small plates. The “choose your own adventure” seems to be a bit of a gimmick as most people will order a starter, pasta, and main.

Not only that, but they tack on a mandatory 6% extra charge for their kitchen staff. Here’s an idea- they should use the substantial amount of money we pay them for the food and drinks, and use that to pay their staff a fair wage. I have to say it left a terrible taste to feel nickel and dimed in this way.

At $550 for a dinner for 4, with only about one drink per person, as much as I enjoyed the meal, I can’t say this was a good value or something I’d do again. I would strongly advise that they include any mandatory fees in the cost they advertise, instead of hiding a surprise fee in fine print on the menu.Read more",Overall 4,"Dined on December 1, 2024"
Competitor Restaurant,"Amazing food. Every dish was fantastic. The wine pairing was delicious, interesting, and good value.",Overall 5,"Dined on November 24, 2024"
Competitor Restaurant,We always have a fabulous meal in a gorgeous setting at Pammy’s.,Overall 5,"Dined on November 23, 2024"
Competitor Restaurant,Go as soon as possible.  You will not regret it one bit!,Overall 5,"Dined on November 1, 2024"
Competitor Restaurant,"We came to Pammys after seeing them listed in the top 10 of Bostons 50 best restaurants. We’ve been in the neighborhood for 7 years and were surprised we hadn’t heard of them before. This has instantly become a new favorite. We had 6 dishes between the two of us and all of it was excellent, especially the squid ink gnocchi. Our server Dana was wonderful as well. We can’t wait to go back.Read more",Overall 5,"Dined on October 30, 2024"
Competitor Restaurant,We had dinner on a Monday night and the place was totally buzzing!   Amazing vibe and energy in the place.   Service was stellar and food was simply outstanding.   My girlfriend and I kept raving about the food all the way home.   Dana was our server and he was fantastic.    Very knowledgeable of all the dishes and the wine list.    We will definitely be back!,Overall 5,"Dined on October 29, 2024"
Competitor Restaurant,Great food and ambiance! Smaller dishes to share and enjoy. We had a nice table for two by the fireplace. We would return for sure. Highly recommend a reservation!,Overall 5,"Dined on October 26, 2024"
Competitor Restaurant,"Had a wonderful birthday dinner at the bar. The lighting and ambience was perfect, sound level was energetic but not too loud, food was outstanding!",Overall 5,"Dined on October 22, 2024"
Competitor Restaurant,Great food and ambiance. Touch too pricey for what it is,Overall 5,"Dined on October 22, 2024"
Competitor Restaurant,To be food is incredible but the service wasn’t worth the price point. We were asked three times if we were ready to order within ten minutes- this was a turn off. The atmosphere is overcrowded and loud for such a high price point. The food was fabulous but unfortunately the service and atmosphere won’t keep me coming back.,Overall 3,"Dined on October 20, 2024"
Competitor Restaurant,"Unreal food, service and straight up vibes. Highly recommend",Overall 5,"Dined on October 19, 2024"
Competitor Restaurant,"I’ve never had a bad meal here. Vibe, staff, food are all excellent.",Overall 5,"Dined on October 19, 2024"
Competitor Restaurant,"I LOVE this place! Pammy’s never disappoints, always serving quality dishes, the staff are so attentive and friendly, and the decor is both cozy and warm. I constantly recommend this restaurant to friends visiting the area, so I’ll definitely be back soon. ￼",Overall 5,"Dined on October 19, 2024"
Competitor Restaurant,Haven't been since before the pandemic.  Even better then I remember.  One of the best restaurants in Cambridge!,Overall 5,"Dined on October 6, 2024"
Competitor Restaurant,"The best meal and best service I have ever had. You surely can’t go wrong with any of the menu items, but the salmon and bolognese pasta were out of this world amazing. We also had the wagyu beef skirt steak, octopus, gnocchi, and gem lettuce. 10/10 on every dish. Would come back again in a heartbeat.",Overall 5,"Dined on October 5, 2024"
Competitor Restaurant,"Wow. Incredible dining experience. I asked our waiter, Casey to choose my three plates and was blown away. Not at all problematic, but be aware that this place gets BUSY, and therefore a little loud. I would recommend this highly. One of my top three dining experiences- ever.",Overall 5,"Dined on October 4, 2024"
Competitor Restaurant,"The Service was outstanding-with a team approach your needs are handled swiftly and efficiently. Your water glass is never empty. Any server collects used plates at just the right time. 

The food was very good, but not exceptional, given the $84 prix fixe cost per person.

Wine portions per glass were smaller than expected.  When  you spend $15 and more per glass you expect a better pour.

The atmosphere was wonderful.  We liked the great common table and the large, ornate mirror that appears to have come from an Italian villa. The fireplace lends charm.

A nice experience overall, (we've been here once before), but we've decided not return again because we feel we get better cost value from many other restaurants we visit frequently.Read more",Overall 3,"Dined on October 4, 2024"
Competitor Restaurant,"Outstanding again! Loved this new discovery and came back with friends. Will bring more. Our new favorite ""go to.""",Overall 5,"Dined on October 3, 2024"
Competitor Restaurant,Best meal and experience this year! No complaints. They nailed it.,Overall 5,"Dined on October 2, 2024"
Competitor Restaurant,"Went here with a girlfriend for midweek dinner and drinks. Amazing experience from start to finish! We went for the prifix menu and the wine pairing, definitely worth every dollar. Every wine selection was perfect and their sommelier, Katie , definitely knows her stuff . The cabbage hearts dish was so so good and very unassuming. We loved the Mushroom lasagna and  squid ink gnocchi. Thank you to Tim our server too. Everything was so good and we will definitely be back. Keep doing what you’re doing as it most definitely works !Read more",Overall 5,"Dined on October 2, 2024"
Competitor Restaurant,"This is my 3rd or 4th visit to Pammy's. It a pleasant surprise to find that this was the best experience yet. A food savvy group,  including a high end caterer, we are not easy to impress but three or four times we proclaimed a dish the best of the night only to have a new one top it.
The only flaw was the very loud music for the first half our we were there. It was moderated at our request but I never understand the reason for making the diners raise their voices to be heard. Is it to make the diners think the place is ""happening' or is it to enliven the staff? Tell me.Read more",Overall 4,"Dined on October 1, 2024"
Competitor Restaurant,Totally exceed our expectations. Enjoyed the choose your own adventure style prefix menu and the wine pairings were wonderful,Overall 5,"Dined on September 29, 2024"
Competitor Restaurant,Loved the fixed price menu and the variety of menu selections. All were fantastic. We had a really nice evening and would definitely return / recommend.,Overall 5,"Dined on September 29, 2024"
