Restaurant Name,Review Content,Overall Rating,Date of Dining
Copper Vine,"Great service, delicious flavor, love the outdoor space",Overall 5,Dined 1 day ago
Copper Vine,"Great service, delicious flavor, love the outdoor space",Overall 5,Dined 1 day ago
Copper Vine,"It couldn't have been better!
great atmosphere and outstanding customer service!
the food was great as well.",Overall 5,Dined 2 days ago
Copper Vine,"my beignets came out raw, but they compensated and gave me an extra one! very nice staff!! ￼",Overall 4,Dined 2 days ago
Copper Vine,"10/10!! The staff is amazingggg ,food was very tasteful! Can’t wait to come back🥰🥰!",Overall 5,Dined 2 days ago
Copper Vine,Perfection all the way around! Great spot for business  lunches and celebrations. Highly recommend.,Overall 5,Dined 3 days ago
Copper Vine,"Absolutely outstanding. The drink specials were awesome, the apps shared were crawfish beignets, Brussels sprouts and fig and goat cheese flat bread were top notch.  Entrees varied and enjoyed by all:  chicken sandwich, redfish dish, short rib dish, steak &. Frites, gumbo, beet salad and scallion soup. Desserts were the finishing touches. All plates were cleared and we left very happy and satisfied.Read more",Overall 5,Dined 3 days ago
Copper Vine,"This restaurant is so beautiful and lovely for an al fresco lunch. Food was amazing. My husband was less than happy that a southern restaurant didn’t have sweet tea, but he managed somehow 😉. The server wasn’t the best, but maybe she had an off day. The decor was so spot on and I applaud the design team they hired. 👏🏻",Overall 4,Dined 4 days ago
Copper Vine,What a lovely surprise Copper Vine was! None in my party had been before and we were wowed by the interior and enjoyed every bite of the many dishes we ordered. One in our party said her scallops were easily among the best she’d ever had. The redfish dip was a huge for the whole table. Have already been recommending this place to others!,Overall 5,Dined 6 days ago
Copper Vine,We thoroughly enjoyed dining at Copper Vine. The atmosphere was great and our entire experience was amazing.,Overall 5,Dined 6 days ago
Copper Vine,Davis was great!  He was very responsive and attentive.  Food and vibe were great!,Overall 5,Dined 6 days ago
Copper Vine,"Vibes and food were great but the kitchen was slow the day we went. I understand as there was a private party upstairs and there wasn’t much staff downstairs. Regardless, communication could have been slightly better. A disclaimer about the kitchen being backed up or something would have been nicer.

Ragu was good but cold when it arrived to our table. We also had the gumbo, pork belly, tartare, and deviled eggs which were delicious!Read more",Overall 4,"Dined on December 9, 2024"
Copper Vine,The service was excellent and very attentive. Food was delicious- deviled Gaga and the scallop risotto were standouts. Drinks were excellent as well!,Overall 5,"Dined on December 9, 2024"
Copper Vine,"Innovative cuisine, friendly service, modern vibe.",Overall 5,"Dined on December 9, 2024"
Copper Vine,Party of 9.  We all ordered something different. Every single bite of every order was amazing!,Overall 5,"Dined on December 8, 2024"
Copper Vine,"Good variety of menu options, and we all enjoyed the food and cocktails. Loved the Louisiana Crawfish Grilled Cheese sandwich!",Overall 4,"Dined on December 7, 2024"
Copper Vine,In a part of town that you wouldn't expect to have such a good restaurant.,Overall 5,"Dined on December 7, 2024"
Copper Vine,"Dinner was great. Our group had four different appetizers, pork chops, scallops and two different desserts. Everything was delicious.",Overall 5,"Dined on December 7, 2024"
Copper Vine,"Cool place in the middle of Superdome and CBD action. Something I've noticed my last two visits to New Orleans is that, though the staff is friendly, they don't follow up at all or very quickly with requests. Since they seem to be accommodating people, I wonder if this is due to management's understaffing or a continued, diminished workforce.

Overall, though Copper Vine was a fun place to have brunch.Read more",Overall 4,"Dined on December 1, 2024"
Copper Vine,"Copper Vine is a lovely place in the CBD. We were seated immediately in one if the two rear dining rooms. It was not crowded.
Our appetizers: the onion soup (delicious), the crawfish beignets (delicious) and the fried oysters and pork bellies (the oysters were small and disappointing)
Our mains: short rib pasta (great flavor but the entree arrived very lukewarm), arugula salad with added oysters (oysters were not disappointing) and the scallops risotto tasty (also not very warm).
We mentioned to cold entrees and the manager to make up for it compted dessert which was very nice and very delicious.
All in all, I would recommend Copper Vine.Read more",Overall 5,"Dined on November 30, 2024"
Copper Vine,Excellent dining experience.  Love the offerings for dinner.  Staff made our special evening in New Orleans very special.  I would have dinner here if I lived in New Orleans.  Copper Vine is an automatic stop for dinner when we are in town.,Overall 5,"Dined on November 30, 2024"
Copper Vine,"Very nice restaurant.  Loved the design, the menu, the food and the service.  Would definitely return.",Overall 5,"Dined on November 24, 2024"
Copper Vine,The food was great! The service was great! Will definitely be back.,Overall 5,"Dined on November 24, 2024"
Copper Vine,"What a true Gem!  The service, food and ambiance were amazing.  We will definitely dine here again when we come visit.  We had the arugula salad, the pork chop - which my husband, who travels a lot, said it was the best thick cut pork chop he'd every had.  I don't have burgers often so I was looking forward to the wagyu burger, but they had literally changed the menu that day to add a short rib burger instead of the wagyu.  Never had a short rib burger before but it was amazing!  Grilled, tender and very flavorful.  I also had the fries and they were great.  We had the pot de creme for dessert - perfect!  Flavor was amazing - not too sweet.  Everything was exceptional - including the very knowledgeable and very welcoming host - Jemele (I apologize if I'm misspelling) and our server - Sammie J - Outstanding!!Read more",Overall 5,"Dined on November 22, 2024"
Copper Vine,"Such a wonderful place for business lunch or just visiting with friends or family - beyond delicious food, cocktails, staff and ambience.",Overall 5,"Dined on November 21, 2024"
Copper Vine,What a jewel. The Roosevelt tecommended this for lunch while we were waiting for our room to be ready and we enjoyed it so much we went back for dinner four days later.,Overall 5,"Dined on November 19, 2024"
Copper Vine,"Love Copper Vine! The food, service, ambience and location can’t be beat!",Overall 5,"Dined on November 18, 2024"
Copper Vine,Second time here. So amazing to see the new additions. Such a cool vibe. Food is delicious and reasonably priced.,Overall 4,"Dined on November 18, 2024"
Copper Vine,"Fantastic experience all around, especially the service",Overall 5,"Dined on November 17, 2024"
Copper Vine,Great wine. Very low service on a not very busy night. Mediocre food. We should have stayed with the shareable menu.,Overall 3,"Dined on November 17, 2024"
Copper Vine,Kaitlyn was our server and AMAZING! We had a lovely dinner with great drinks.,Overall 5,"Dined on November 16, 2024"
Copper Vine,Celebrated my sister’s birthday and everything was delicious we had a great time.,Overall 5,"Dined on November 16, 2024"
Copper Vine,"Great meal and good service, met my expectations, much better than an alternate steak house I went to next day.",Overall 5,"Dined on November 12, 2024"
Copper Vine,"Copper Vine has become my go-to brunch spot before Saints games this season. The service is always great, food is delicious, and the ambience is incredible.",Overall 5,"Dined on November 10, 2024"
Copper Vine,"Good cocktails , great food in a nice atmosphere.",Overall 5,"Dined on November 10, 2024"
Copper Vine,Awesome as always. Shout out to a business that supports fatherless kids in the city of New Orleans.,Overall 5,"Dined on November 10, 2024"
Copper Vine,"Horrible experience. They were breaking glares every 2 minutes, God was cold, drinks were horrible",Overall 1,"Dined on November 9, 2024"
