[
    {
        "Restaurant Name": "Copper Vine",
        "Original Review": "Fantastic experience!! Our go to Resturant when visiting NO.",
        "Food Comments": "No specific food-related comments provided",
        "Staff Comments": "No specific staff-related comments provided"
    },
    {
        "Restaurant Name": "Copper Vine",
        "Original Review": "Fantastic experience!! Our go to Resturant when visiting NO.",
        "Food Comments": "No specific food-related comments provided",
        "Staff Comments": "No specific staff-related comments provided"
    },
    {
        "Restaurant Name": "Copper Vine",
        "Original Review": "It was such a wonderful experience. The food was amazing, and I couldn’t help but rave about it to anyone who’d listen. The service was fantastic they were efficient and friendly. The decor and ambience were so clean, chic, and beautiful. I cannot recommend this place enough!!",
        "Food Comments": "The food was described as amazing, with the customer expressing strong enthusiasm about the quality.",
        "Staff Comments": "Service was characterized as fantastic, with staff being both efficient and friendly."
    },
    {
        "Restaurant Name": "Copper Vine",
        "Original Review": "First experience there. Atmosphere was very nice and cozy. ￼Need attention to reservations times and details on happy hour. Service was great. Food was delicious.\r\nWould go back again.",
        "Food Comments": "Food was described as delicious, with no specific details about dishes, taste, or presentation provided.",
        "Staff Comments": "Service was noted as great. There was a mention of needing better attention to reservation times."
    },
    {
        "Restaurant Name": "Copper Vine",
        "Original Review": "Vibes and food were great but the kitchen was slow the day we went. I understand as there was a private party upstairs and there wasn’t much staff downstairs. Regardless, communication could have been slightly better. A disclaimer about the kitchen being backed up or something would have been nicer.\r\n\r\nRagu was good but cold when it arrived to our table. We also had the gumbo, pork belly, tartare, and deviled eggs which were delicious!Read more",
        "Food Comments": "Ragu was served cold. Gumbo, pork belly, tartare, and deviled eggs were described as delicious.",
        "Staff Comments": "Kitchen service was slow due to understaffing downstairs. Communication was lacking regarding kitchen delays and backup. No warning or disclaimer was provided about extended wait times."
    },
    {
        "Restaurant Name": "Copper Vine",
        "Original Review": "The service was excellent and very attentive. Food was delicious- deviled Gaga and the scallop risotto were standouts. Drinks were excellent as well!",
        "Food Comments": "Deviled Gaga and scallop risotto were described as delicious. Drinks were noted as excellent.",
        "Staff Comments": "Service was excellent and attentive."
    }
]